,neighborhood,price,bedrooms,bathrooms,house_size,description,neighborhood_description
0,Green Oaks,800000,3,2,2000,"Welcome to this eco-friendly oasis nestled in the heart of Green Oaks. This charming 3-bedroom, 2-bathroom home boasts energy-efficient features such as solar panels and a well-insulated structure. Natural light floods the living spaces, highlighting the beautiful hardwood floors and eco-conscious finishes. The open-concept kitchen and dining area lead to a spacious backyard with a vegetable garden, perfect for the eco-conscious family. Embrace sustainable living without compromising on style in this Green Oaks gem.","Green Oaks is a close-knit, environmentally-conscious community with access to organic grocery stores, community gardens, and bike paths. Take a stroll through the nearby Green Oaks Park or grab a cup of coffee at the cozy Green Bean Cafe. With easy access to public transportation and bike lanes, commuting is a breeze."
1,Sunnyvale,950000,4,3,2500,"Beautiful 4-bedroom, 3-bathroom home located in the desirable neighborhood of Sunnyvale. This spacious property features a modern kitchen, luxurious bathrooms, and a large backyard perfect for entertaining. Enjoy the convenience of nearby shopping centers, parks, and top-rated schools.","Sunnyvale is known for its family-friendly atmosphere, excellent schools, and easy access to Silicon Valley tech companies. Residents can enjoy outdoor activities at the nearby parks or take a short drive to the beach for a relaxing weekend getaway."
2,Downtown Los Angeles,1200000,2,2,1800,"Luxurious 2-bedroom, 2-bathroom condo in the heart of Downtown Los Angeles. This modern unit features high-end finishes, floor-to-ceiling windows, and stunning city views. Enjoy the convenience of living in a vibrant neighborhood with easy access to restaurants, shopping, and entertainment.","Downtown Los Angeles is a bustling urban center with a mix of historic architecture, trendy boutiques, and cultural attractions. Residents can explore the nearby museums, theaters, and art galleries, or take a short drive to the mountains for outdoor adventures."
3,Brooklyn Heights,1500000,5,4,3000,"Stunning 5-bedroom, 4-bathroom brownstone in the prestigious neighborhood of Brooklyn Heights. This historic home features original details, modern amenities, and a private garden oasis. Experience the charm of Brooklyn living with easy access to waterfront parks, trendy restaurants, and cultural attractions.","Brooklyn Heights is a picturesque neighborhood known for its tree-lined streets, historic brownstones, and stunning views of the Manhattan skyline. Residents can enjoy a vibrant community with access to top-rated schools, boutique shops, and scenic promenades."
4,Pacific Palisades,2500000,6,5,4000,"Magnificent 6-bedroom, 5-bathroom estate in the exclusive neighborhood of Pacific Palisades. This custom-built home features high ceilings, gourmet kitchen, and a resort-style backyard with a pool and spa. Enjoy the ultimate luxury living with breathtaking ocean views and easy access to hiking trails, beaches, and upscale shopping.","Pacific Palisades is a prestigious coastal community known for its upscale homes, celebrity residents, and scenic beauty. Residents can enjoy a relaxed lifestyle with access to world-class amenities, top-rated schools, and exclusive country clubs."
5,South Beach,1800000,3,3,2200,"Modern 3-bedroom, 3-bathroom condo in the vibrant neighborhood of South Beach. This sleek unit features an open floor plan, designer finishes, and panoramic views of the bay. Experience luxury living with access to trendy restaurants, nightlife, and cultural attractions.","South Beach is a trendy waterfront neighborhood known for its upscale condos, art deco architecture, and lively atmosphere. Residents can enjoy a vibrant nightlife, world-class dining, and sandy beaches just steps away from their doorstep."
6,Georgetown,1700000,4,3,2800,"Charming 4-bedroom, 3-bathroom townhouse in the historic neighborhood of Georgetown. This elegant home features original details, modern updates, and a private courtyard perfect for outdoor entertaining. Experience the rich history and culture of Georgetown with easy access to boutique shops, cafes, and waterfront parks.","Georgetown is a picturesque neighborhood known for its cobblestone streets, historic architecture, and vibrant community. Residents can explore the nearby museums, galleries, and theaters, or take a leisurely stroll along the scenic waterfront."
7,Nob Hill,2000000,3,2,2400,"Elegant 3-bedroom, 2-bathroom penthouse in the prestigious neighborhood of Nob Hill. This luxurious unit features high ceilings, panoramic views, and a private terrace for outdoor dining. Enjoy the ultimate urban living with access to fine dining, shopping, and cultural landmarks.","Nob Hill is a historic neighborhood known for its grand mansions, upscale hotels, and iconic landmarks. Residents can experience the charm of old San Francisco with access to cable cars, museums, and theaters just steps away from their doorstep."
8,Coral Gables,1600000,5,4,3200,"Spacious 5-bedroom, 4-bathroom home in the prestigious neighborhood of Coral Gables. This Mediterranean-style estate features a gourmet kitchen, marble floors, and a lush tropical garden with a pool. Experience luxury living with easy access to top-rated schools, golf courses, and upscale shopping.","Coral Gables is a picturesque neighborhood known for its tree-lined streets, historic architecture, and vibrant community. Residents can enjoy a relaxed lifestyle with access to parks, art galleries, and cultural events throughout the year."
9,Beverly Hills,3000000,6,6,5000,"Exquisite 6-bedroom, 6-bathroom mansion in the prestigious neighborhood of Beverly Hills. This luxurious estate features a grand foyer, formal living and dining rooms, and a private backyard with a pool and spa. Enjoy the ultimate in luxury living with easy access to world-class shopping, dining, and entertainment.","Beverly Hills is an exclusive neighborhood known for its celebrity residents, upscale homes, and luxury boutiques. Residents can experience the glamour of Hollywood with access to top-rated schools, fine dining, and cultural attractions just minutes away."
